{
  "|Labor| (Kleinem Bb) Ery-Streubreite-VK *max": {
    "0": 14.9,
    "1": 14.6000003815,
    "2": 22.2,
    "3": 16.3,
    "4": 11.3999996185,
    "5": 14.1999998093,
    "6": 13.8,
    "7": 13.1999998093,
    "8": 14.0,
    "9": 17.7999992371
  },
  "|BGA| (ven\u00f6s) Laktat *last": {
    "0": 10.0,
    "1": null,
    "2": 26.0,
    "3": 5.0,
    "4": 9.0,
    "5": 9.0,
    "6": 21.0,
    "7": 49.0,
    "8": 18.0,
    "9": 20.0
  },
  "|Labor| (Gerinnung) PTT *max": {
    "0": 40.0,
    "1": 55.0,
    "2": 61.5,
    "3": 28.6,
    "4": null,
    "5": 45.7000007629,
    "6": 58.9,
    "7": 23.5,
    "8": 44.0,
    "9": 31.2000007629
  },
  "|Respiratory| FiO\u00b2 % *mean": {
    "0": 37.0593984962,
    "1": 66.9610315186,
    "2": null,
    "3": null,
    "4": null,
    "5": 38.3923240938,
    "6": null,
    "7": null,
    "8": null,
    "9": null
  },
  "|Labor| (Klin Chem) Phosphat *min": {
    "0": null,
    "1": 2.6400001049,
    "2": 0.6,
    "3": null,
    "4": 1.1399999857,
    "5": 0.6700000167,
    "6": 0.86,
    "7": 0.6200000048,
    "8": null,
    "9": null
  },
  "|Vital| NiBP sys *max": {
    "0": 132.0,
    "1": null,
    "2": 137.0,
    "3": 144.0,
    "4": 168.0,
    "5": 128.0,
    "6": 125.0,
    "7": 164.0,
    "8": 124.0,
    "9": 126.0
  },
  "|Labor| (Klin Chem) AST (GOT) *min": {
    "0": 38.0,
    "1": 47.0,
    "2": 36.0,
    "3": 12.0,
    "4": 14.0,
    "5": 13.0,
    "6": 47.0,
    "7": 110.0,
    "8": 48.0,
    "9": 235.0
  },
  "|Labor| (Kleinem Bb) MCHC *last": {
    "0": 34.0,
    "1": 32.2999992371,
    "2": 39.3,
    "3": 33.2,
    "4": 35.7999992371,
    "5": 33.2999992371,
    "6": 36.0,
    "7": 34.9000015259,
    "8": 35.9,
    "9": 36.2000007629
  },
  "|Vital| NiBP sys *last": {
    "0": 126.0,
    "1": null,
    "2": 84.0,
    "3": 127.0,
    "4": 136.0,
    "5": 111.0,
    "6": 117.0,
    "7": 152.0,
    "8": 118.0,
    "9": 109.0
  },
  "|Labor| (Klin Chem) Bilirubin (ges.) *max": {
    "0": 1.9,
    "1": 1.2000000477,
    "2": 6.3,
    "3": 0.4,
    "4": null,
    "5": 1.5,
    "6": 6.0,
    "7": 0.6999999881,
    "8": 8.1,
    "9": 10.1999998093
  },
  "|Vital| SpO\u00b2 *mean": {
    "0": 97.4131455399,
    "1": 94.3380084151,
    "2": 96.3095588235,
    "3": 94.085133418,
    "4": 96.5766773163,
    "5": 98.308398024,
    "6": 98.2552529183,
    "7": 96.0781499203,
    "8": 95.6137724551,
    "9": 94.3196159122
  },
  "|Vital| Art BP dia *last": {
    "0": 59.0,
    "1": 42.0,
    "2": null,
    "3": null,
    "4": null,
    "5": 45.0,
    "6": null,
    "7": null,
    "8": 79.0,
    "9": null
  },
  "|Labor| (Klin Chem) CRP *max": {
    "0": null,
    "1": 370.0,
    "2": 9.3,
    "3": 27.3,
    "4": null,
    "5": 133.0,
    "6": 6.3,
    "7": 1.2000000477,
    "8": 298.0,
    "9": 46.7999992371
  },
  "|BGA| (arteriell) Laktat *max": {
    "0": 9.0,
    "1": 20.0,
    "2": null,
    "3": null,
    "4": null,
    "5": 12.0,
    "6": null,
    "7": null,
    "8": 12.0,
    "9": null
  },
  "|Labor| (Klin Chem) LDH *max": {
    "0": null,
    "1": 481.0,
    "2": 293.0,
    "3": 247.0,
    "4": null,
    "5": null,
    "6": 161.0,
    "7": 326.0,
    "8": 288.0,
    "9": 312.0
  },
  "|Labor| (Kleinem Bb) H\u00e4matokrit *max": {
    "0": 29.7,
    "1": 31.8999996185,
    "2": 23.4,
    "3": 33.4,
    "4": 40.7999992371,
    "5": 27.1000003815,
    "6": 31.1,
    "7": 43.0,
    "8": 34.5,
    "9": 30.3999996185
  },
  "|BGA| (ven\u00f6s) Laktat *mean": {
    "0": 8.0,
    "1": null,
    "2": 17.5,
    "3": 7.5,
    "4": 6.5555555556,
    "5": 10.5,
    "6": 15.6,
    "7": 48.125,
    "8": 18.0,
    "9": 18.0
  },
  "|BGA| (ven\u00f6s) Hb *mean": {
    "0": 10.9333333333,
    "1": null,
    "2": 9.05,
    "3": 12.3,
    "4": 15.6000000636,
    "5": 10.125,
    "6": 11.36,
    "7": 14.7875000238,
    "8": 12.1,
    "9": 12.2000002861
  },
  "|BGA| (ven\u00f6s) K+ *max": {
    "0": 3.9,
    "1": null,
    "2": 4.31,
    "3": 3.8,
    "4": 4.9000000954,
    "5": 4.1999998093,
    "6": 4.18,
    "7": 4.1999998093,
    "8": 4.11,
    "9": 3.0999999046
  },
  "|BGA| (arteriell) Cl- *max": {
    "0": 109.0,
    "1": 112.0,
    "2": null,
    "3": null,
    "4": null,
    "5": 120.0,
    "6": null,
    "7": null,
    "8": 106.0,
    "9": null
  },
  "|Diurese| Urine \/ weight *sum": {
    "0": 11.5,
    "1": 72.75,
    "2": 63.3333333333,
    "3": 19.8924731183,
    "4": 7.6923076923,
    "5": 50.9090909091,
    "6": 39.6470588235,
    "7": 54.6987951807,
    "8": 47.0512820513,
    "9": 12.9310344828
  },
  "|Labor| (Klin Chem) Harnstoff (Serum) *max": {
    "0": 25.0,
    "1": 191.0,
    "2": 33.0,
    "3": 82.0,
    "4": 31.0,
    "5": 42.0,
    "6": 58.0,
    "7": 31.0,
    "8": 232.0,
    "9": 15.0
  },
  "|Labor| (Klin Chem) Kreatinin (Serum) *last": {
    "0": 0.54,
    "1": 4.6900000572,
    "2": 0.59,
    "3": 1.59,
    "4": 1.0099999905,
    "5": 0.5600000024,
    "6": 1.31,
    "7": 1.0199999809,
    "8": 4.16,
    "9": 0.9599999785
  },
  "|Vital| Temp *mean": {
    "0": 37.025,
    "1": 36.2115384615,
    "2": 36.9,
    "3": 36.85,
    "4": null,
    "5": 37.3897119342,
    "6": 37.1238216561,
    "7": 36.75,
    "8": 36.4800910125,
    "9": 37.9
  },
  "|Vital| Temp *max": {
    "0": 38.35,
    "1": 37.0,
    "2": 38.25,
    "3": 37.2,
    "4": null,
    "5": 38.2,
    "6": 37.4,
    "7": 37.75,
    "8": 36.8,
    "9": 38.55
  }
}