{
  "|Labor| (Kleinem Bb) Ery-Streubreite-VK *max": {
    "0": 14.5,
    "1": 14.1999998093,
    "2": 13.8000001907,
    "3": 16.1000003815,
    "4": 13.1999998093,
    "5": 16.2,
    "6": 14.3000001907,
    "7": 15.6,
    "8": 12.5,
    "9": 16.5
  },
  "|BGA| (ven\u00f6s) Laktat *last": {
    "0": null,
    "1": 13.0,
    "2": null,
    "3": null,
    "4": null,
    "5": null,
    "6": null,
    "7": null,
    "8": null,
    "9": null
  },
  "|Labor| (Gerinnung) PTT *max": {
    "0": 44.7000007629,
    "1": 55.7000007629,
    "2": 45.0999984741,
    "3": 120.0,
    "4": 51.5,
    "5": 51.7,
    "6": 50.2000007629,
    "7": 36.2,
    "8": 58.7999992371,
    "9": 30.4
  },
  "|Respiratory| FiO\u00b2 % *mean": {
    "0": 89.8470792768,
    "1": 72.7935018051,
    "2": 73.0738766184,
    "3": 96.8366425993,
    "4": 81.3694134078,
    "5": 54.6512212142,
    "6": null,
    "7": null,
    "8": 75.9928876245,
    "9": 66.1661971831
  },
  "|Labor| (Klin Chem) Phosphat *min": {
    "0": 1.4500000477,
    "1": 0.5099999905,
    "2": 1.1799999475,
    "3": 2.4400000572,
    "4": 0.9399999976,
    "5": null,
    "6": 0.9300000072,
    "7": 1.72,
    "8": 0.9700000286,
    "9": 0.78
  },
  "|Vital| NiBP sys *max": {
    "0": null,
    "1": null,
    "2": null,
    "3": null,
    "4": null,
    "5": null,
    "6": 149.0,
    "7": null,
    "8": 132.0,
    "9": null
  },
  "|Labor| (Klin Chem) AST (GOT) *min": {
    "0": 39.0,
    "1": 20.0,
    "2": 32.0,
    "3": null,
    "4": 47.0,
    "5": 315.0,
    "6": 16.0,
    "7": 84.0,
    "8": 51.0,
    "9": 53.0
  },
  "|Labor| (Kleinem Bb) MCHC *last": {
    "0": 30.3999996185,
    "1": 33.2000007629,
    "2": 31.0,
    "3": 33.9000015259,
    "4": 32.9000015259,
    "5": 33.0,
    "6": 33.4000015259,
    "7": 29.4,
    "8": 32.7999992371,
    "9": 34.1
  },
  "|Vital| NiBP sys *last": {
    "0": null,
    "1": null,
    "2": null,
    "3": null,
    "4": null,
    "5": null,
    "6": 148.0,
    "7": null,
    "8": 103.0,
    "9": null
  },
  "|Labor| (Klin Chem) Bilirubin (ges.) *max": {
    "0": 0.6999999881,
    "1": 0.6000000238,
    "2": 0.3000000119,
    "3": 2.7000000477,
    "4": 0.3000000119,
    "5": 0.3,
    "6": 0.6999999881,
    "7": 0.6,
    "8": 0.8000000119,
    "9": null
  },
  "|Vital| SpO\u00b2 *mean": {
    "0": 92.7597493036,
    "1": 95.3377622378,
    "2": 96.2884210526,
    "3": 90.9819004525,
    "4": 94.3113273106,
    "5": 94.2708913649,
    "6": 94.9832214765,
    "7": 95.6936728395,
    "8": 95.4864672365,
    "9": 95.4613240418
  },
  "|Vital| Art BP dia *last": {
    "0": 60.0,
    "1": 56.0,
    "2": 42.0,
    "3": 54.0,
    "4": 62.0,
    "5": 73.0,
    "6": 64.0,
    "7": 40.0,
    "8": 68.0,
    "9": 65.0
  },
  "|Labor| (Klin Chem) CRP *max": {
    "0": 352.0,
    "1": 37.9000015259,
    "2": 236.0,
    "3": 95.1999969482,
    "4": 67.5999984741,
    "5": 211.0,
    "6": 155.0,
    "7": 329.0,
    "8": 389.0,
    "9": 90.2
  },
  "|BGA| (arteriell) Laktat *max": {
    "0": 18.0,
    "1": 13.0,
    "2": 16.0,
    "3": 245.0,
    "4": 17.0,
    "5": 19.0,
    "6": 12.0,
    "7": 15.0,
    "8": 11.0,
    "9": 18.0
  },
  "|Labor| (Klin Chem) LDH *max": {
    "0": 527.0,
    "1": 447.0,
    "2": 279.0,
    "3": null,
    "4": 999.0,
    "5": 516.0,
    "6": 184.0,
    "7": 289.0,
    "8": 328.0,
    "9": 371.0
  },
  "|Labor| (Kleinem Bb) H\u00e4matokrit *max": {
    "0": 33.0999984741,
    "1": 31.5,
    "2": 31.7999992371,
    "3": 22.3999996185,
    "4": 33.4000015259,
    "5": 28.6,
    "6": 44.0,
    "7": 31.0,
    "8": 42.0999984741,
    "9": 36.9
  },
  "|BGA| (ven\u00f6s) Laktat *mean": {
    "0": null,
    "1": 13.0,
    "2": null,
    "3": null,
    "4": null,
    "5": null,
    "6": null,
    "7": null,
    "8": null,
    "9": null
  },
  "|BGA| (ven\u00f6s) Hb *mean": {
    "0": null,
    "1": 11.0,
    "2": null,
    "3": null,
    "4": null,
    "5": null,
    "6": null,
    "7": null,
    "8": null,
    "9": null
  },
  "|BGA| (ven\u00f6s) K+ *max": {
    "0": null,
    "1": 3.7999999523,
    "2": null,
    "3": null,
    "4": null,
    "5": null,
    "6": null,
    "7": null,
    "8": null,
    "9": null
  },
  "|BGA| (arteriell) Cl- *max": {
    "0": 119.0,
    "1": 112.0,
    "2": 110.0,
    "3": 108.0,
    "4": 112.0,
    "5": 117.0,
    "6": 112.0,
    "7": 111.0,
    "8": 104.0,
    "9": 105.0
  },
  "|Diurese| Urine \/ weight *sum": {
    "0": 33.007518797,
    "1": 34.3333333333,
    "2": 25.5555555556,
    "3": 0.0,
    "4": 53.2222222222,
    "5": 23.9411764706,
    "6": 21.3402061856,
    "7": 27.4736842105,
    "8": 75.3333333333,
    "9": 37.9518072289
  },
  "|Labor| (Klin Chem) Harnstoff (Serum) *max": {
    "0": 59.0,
    "1": 36.0,
    "2": 47.0,
    "3": 113.0,
    "4": 62.0,
    "5": 13.0,
    "6": 78.0,
    "7": 91.0,
    "8": 54.0,
    "9": 128.0
  },
  "|Labor| (Klin Chem) Kreatinin (Serum) *last": {
    "0": 1.2300000191,
    "1": 0.6100000143,
    "2": 0.8500000238,
    "3": 2.3499999046,
    "4": 0.9300000072,
    "5": 0.75,
    "6": 1.7999999523,
    "7": 1.03,
    "8": 0.5500000119,
    "9": 2.13
  },
  "|Vital| Temp *mean": {
    "0": 37.6221898827,
    "1": 37.0800001727,
    "2": 38.6920003052,
    "3": 35.0694791238,
    "4": 37.4565446407,
    "5": 36.8788811189,
    "6": 35.8406837454,
    "7": 35.9525043178,
    "8": 35.8059570776,
    "9": 35.698705036
  },
  "|Vital| Temp *max": {
    "0": 38.5999984741,
    "1": 37.4000015259,
    "2": 39.0,
    "3": 36.5999984741,
    "4": 38.0,
    "5": 37.7,
    "6": 37.0,
    "7": 39.3,
    "8": 38.2999992371,
    "9": 38.1
  }
}