{
  "Predictions": {
    "0": 0.1318821311,
    "1": 0.8666622639,
    "2": 0.364992857,
    "3": 0.4342989624,
    "4": 0.0416252278,
    "5": 0.1864388883,
    "6": 0.273250252,
    "7": 0.0666885003,
    "8": 0.628252387,
    "9": 0.3004501164
  }
}