{
  "Predictions": {
    "0": 0.8522841334,
    "1": 0.7593010664,
    "2": 0.685439527,
    "3": 0.9898704886,
    "4": 0.2685970664,
    "5": 0.2426905334,
    "6": 0.8883555532,
    "7": 0.9361182451,
    "8": 0.2916837931,
    "9": 0.271053791
  }
}